-1.3619248850788697,0.6269422144114859,1.2964180071613194,0.15941357873211054,0.2143729236558212,-1.1330450334270397,1.9329500782667903
-0.06369652630287168,0.7412011883607756,-1.1479033595366468,-0.1390818805994569,-0.4713922755300878,-0.18943009132115146,-1.554224482992345
0.5068974090621653,-0.9531436457348148,1.516436291734991,-0.8802861743097534,-1.317985155247074,1.3992806611556456,0.6636408183113526
-0.48854895364224676,0.2030049226396086,1.7417084044153945,0.9306063666861787,-2.411736162691019,0.48260640532687554,-1.1034872685553079
0.13241027507763778,0.5719930893181542,-0.15450013572310037,2.2969434351048483,-0.5603685665973913,-0.39152096900315636,1.745765882914679
-0.8046017689246714,-1.2963252812118184,1.0877547986455662,0.4110300973776159,0.07379081025257674,0.27177488465234906,-0.5798007185147982
1.1781080123203314,0.4561731236042128,1.417843566980829,-0.6000829964723305,-0.23594089309477417,-0.3857525684116678,-0.9192315369059758
-0.7681616186936102,0.5937845691119817,-1.339544993888966,1.7274418646973833,0.08196921384640347,-0.07078790544448982,0.6028871200445615
-1.8529498178435422,1.3864057152911595,1.4288130873561153,-1.7786632223288548,-1.461298157265443,0.962652365511728,0.21418467070003222
-1.9103825998656505,-0.48956353032944444,-0.3554459612102262,1.0951509705745797,1.0056437490444277,-0.5171331350152266,0.07124170943322757
-0.026797760412814696,0.044751439901741144,-0.9154263010008435,0.6505023886797926,0.22777231095385217,0.6498266936956053,0.7793914917886692
0.7925406096695196,0.11939614226066982,0.7353788806540502,0.04533150883963828,-2.1970180023446697,0.8550712655115961,-0.36194947404454103
0.09044906521000061,-0.2815658816645708,0.09596259169603105,-0.10681587045169466,-0.366147220533874,-1.57986765009664,1.4491133191436276
-1.6145213096674946,0.18286843470033023,0.24947741380558974,1.1806085042024725,-1.0805030760667123,-0.11040542421433427,2.2790107621750955
-1.2970234521018646,0.9140188240446129,1.145028318891363,0.6032210450095499,2.559109787751331,-0.6129660141014398,1.2348775903172748
0.1693203061589568,1.2907111462164071,0.284204512046757,-1.0259330274015914,1.4521560396342106,-0.21626816724700584,-1.2694552975394078
1.11646934022917,-2.088103316152817,-0.8150879493345571,-1.2973158628062085,-0.9364958982633126,0.7139813429187314,1.532849470969989
0.13972300856107672,-1.3760123706862042,-1.294004673136469,-0.2944921192225863,0.13075364275168125,1.3803953492645338,1.0740311751304423
0.11180235883858024,1.2436334794953214,-0.1552203489571842,-0.4759370211749096,-0.43188605251090123,-0.4306197033617488,0.7335955335678296
-1.2374236661044198,-1.9628182269171013,0.3750269400607147,-1.1541503058170823,-0.7471626134504176,0.20484077808584492,-0.4148908357554938
0.9575892270870631,-0.09296467567764546,0.12341692844141287,0.6095388945996663,0.5993291552724378,2.141700956611279,0.4157032423045696
-0.2056432894328505,-0.3355175339225407,-0.7212000281893067,0.03931811705785987,-0.4546745344687689,-1.7858437671219267,-0.37657537846355993
-0.06324120991952203,1.0936035687832808,1.8388496970599806,0.7879670234955669,0.3832645268662908,0.9009954272590505,-1.3111171014735734
2.1569901730850694,1.434190761258647,0.4283072993588432,0.08724381051331019,-1.2705275761675388,0.4401416545338816,0.9989949158937624
0.04855008650322387,0.9793444110246909,-1.2250313661255532,-1.1415714994738533,-0.7531813480377332,0.40949185839723856,0.9966235657658374
-0.8793876200036946,1.2296789296172252,-0.3349724422845147,0.6907111933526966,0.5437386894140224,-1.3499033321685392,-0.5609121994904402
0.15097626286789953,-0.7072150206952191,-0.23947532176837613,-1.3107697179771747,0.6215676028916024,-0.6328096566398426,1.1118228006794983
-0.8302635116800985,-0.2487210608293024,-0.3630244255617432,-0.33576403730291593,-1.1669380803590053,1.710025904602408,-1.1974707384788978
-0.029861450108359833,-0.7744946740944451,1.6465229028392696,1.124320746275207,0.09632754832505555,0.16441686336754902,-0.6753250179171981
1.4234219131598702,-1.1840113350790886,0.4873749445031049,2.518434570756577,-0.646159374350876,-1.5487997336256754,-0.5966622884823581
0.9561032654897498,-0.6868169046353584,-1.2978161238780483,-1.1294615651405224,1.2497791293413518,1.628394091753476,-0.3486525049561161
-0.3878963207674277,0.8358183257529447,-1.8033955411446259,1.7661221706259067,-0.8511170687247717,1.4932639816015203,1.2745157832744194
-0.3119439168801578,0.2593430622646138,0.9307610214025909,-0.716270631322968,-1.4907083169825,0.19833347353979697,-2.3552279341487785
0.24435111736465345,0.700666544469363,-0.4041293875704266,-1.121053585508064,-0.4019525703527883,0.8285660182891944,-0.34515760531715023
-1.8488716237946807,-1.3312623677871913,0.12244840526811955,-0.03481440593675223,0.15302396827575648,0.4126273976071159,-0.9586593754998827
0.4463411112406245,-0.3343310632514408,-0.22141654140454875,0.4554044357029795,-0.2055556120948067,1.0323336880387655,0.2807292535270074
0.6943564589281921,-0.7506680493750268,0.29768260151839104,-0.20427525554313733,0.33027601106679305,0.6825171385472951,1.0128455884737138
-0.10947058482860533,-0.9331463086231973,0.2528107078624231,0.5036660401522934,-1.1272329660418627,0.6165465370394076,-1.145709963667819
-1.717509954801671,-0.6082085018002503,0.2155853338361677,-0.11874430241063627,0.4287691983141641,0.915554041343184,-0.3978458742229161
0.5399954986895151,-0.14284553028095265,-1.351579860714933,0.15809056567195748,-0.3260859967235225,0.6639274595641299,0.8833738093228118
0.5227681709453254,0.5580211103157854,1.5018862602342384,1.093635608397753,1.572717731404932,-1.4595063187941342,-1.7854865860222393
-0.07398508549815203,-0.004208750951867723,-0.8042883491286159,-1.202170341079497,0.5557779655473422,-0.06903227764280909,-0.34707882073723717
-0.5929709201449975,1.7898961298364464,0.3730056715854957,1.3010792518361367,-0.058323952951449085,0.09838869887895771,-0.15163368317775383
-0.9224390837132763,-0.2801355683556878,1.2989298972035173,-1.3527931369394701,0.5411753285872598,-0.4107292483919426,-1.3445386478337031
0.7794239742555567,-0.9562764053590649,-0.15843540797825725,1.1134272394587175,-0.03647592562481287,0.7095934365873695,-0.09644412959254646
-0.3814334148817177,-0.8009860418900241,1.652598978596997,0.4532112669320348,0.310549137847076,-0.14793568580145605,1.0820708076255239
0.0873483177017496,0.6379211216320935,-0.6675492652010304,-0.1823085333153207,1.3487425327071019,-0.9581251332721066,0.18802759782620163
-0.6631240741796237,-0.05968477182224739,0.5305400943145693,-1.6151871374814948,1.1498921829984896,-2.461930550935535,-1.323215698923389
0.6436829070796649,-0.4811489044964922,-1.945982973805866,-1.096900060218123,-0.06258235708261686,1.151242672365976,1.2756610561235355
-0.0016562707561226069,0.6743888655836386,0.7356737870519512,0.2295212303906682,-0.882645173635358,1.2200891372853557,0.5946288737567528
-0.03782777276538923,-0.4494850574500993,-0.8153118926327384,1.468018667408743,-1.032055695935626,-0.36916991230678564,0.8522751532926957
0.6883818657556964,0.06548005001871335,-0.5073875467449565,-0.23035253003198863,0.24569177325294664,0.6229041966075335,0.13521133537355512
-0.43214214119352573,-0.552608290667588,1.2050793563995381,-1.3885418359087731,0.26115859454607304,-0.030770799054388075,0.72918262125713
-0.3469948565620059,2.6870697784269115,0.4727792716787256,-0.4093160072565585,0.03797026823473226,0.6529975782337433,0.7709607430867571
-1.0614297211013546,0.5062201723247489,1.2708469925479526,-0.17134435008946608,0.030974032637040304,-1.700199284261749,-1.0564278651151007
-1.1388045137433809,1.3108642481743307,1.5398480199576812,0.8841740178608664,0.27517326668798753,-0.14776131293941985,0.4695600040212177
0.6481512245093644,-0.3669410294592457,-0.023682309570760875,-0.2786313269685906,-0.10908552020429062,0.46091193951206205,-0.5166363285243991
-1.1421945861349316,0.02939781356825257,0.4887885668986776,0.8151189226821133,-0.13221100622605642,-0.7339164730719407,-0.5554998116386013
-0.9874478138417515,-0.30673975766499356,0.03783508455858384,-0.938181536408976,0.12683774959901684,-0.053659696877331936,-0.6881562526628365
-0.7310549887010744,0.6412909930968682,-0.03195549429211924,-0.8795607125756861,-1.405361345454807,-0.5357539151252645,0.44370917103924346
3.056742624392347,0.5476081036563307,-1.1275554257981468,-1.2147965293751666,0.6788889459502491,-0.24632964985469497,1.5987820920790985
-0.32789314670255476,0.364964093065417,0.12427845706034865,-1.1992015503521065,0.07025628859468502,-1.7962602355452328,0.44622315612364455
0.45217403134755196,-0.30114964086477297,-0.9406958848186281,-0.7611477394526127,1.1054363367423847,-0.3275406308268605,0.8759653164722061
1.3219999633323187,-0.24053218697152837,-0.7890192905956267,0.40023929497214067,0.28862553977849414,0.22291877536175783,0.7833879141159376
-0.48324004628622796,-0.8876388184271997,0.25522453810169404,0.38096469661037746,0.29029890662359764,-1.9408074737866534,-2.1498924036862492
0.9448539977637003,0.10342841421197081,1.6878926524099893,-2.8555816359194637,-0.758663506435652,-0.011694425157798937,-0.5892943705925788
-0.01878862508792377,-0.6838375417541165,0.7130462623123527,0.6730047193236556,0.6023385362761882,-0.6543880549556095,-1.4606899384057743
-0.24610182318404603,-0.1636843161824632,-2.1926198622380464,0.7513287506116556,-1.1504512331282242,-1.4646847052530576,0.8080368267064177
0.9193160801714545,-1.6823530781833007,0.8627639206579563,1.3887298367789012,2.439076770588377,0.3304311270951638,-0.11795493458970097
-0.4464579476829554,0.5724659833837343,2.0484342381271157,0.07690679915824815,0.26222199462438467,0.15065642216367725,0.258698081903479
1.373171482575014,-0.9804902009248472,2.462893376700335,0.9362492137995357,-1.3367339105046478,-1.0124784334083965,-1.1795508505238281
0.5486027062486094,-1.5590015113127467,0.3625670113263706,0.449317904879608,0.4754064087305339,0.5091639008362239,-0.7129706074068625
-0.4735356833124881,0.5052207561992985,-1.222379990458113,-0.8585521591207367,0.49882316696093776,-0.9971551437905614,-1.776089672759227
2.009222596668795,-0.7418030469035355,0.6033064399351615,-1.4743042108143376,-0.5467744224301121,1.1577174177331007,-0.36754141705205917
0.04233518605215507,-1.9790402793154136,-0.598853162156978,1.2079479288343373,0.7388258593867729,-1.059374768534379,-0.8227102447839891
0.07240394767718049,-1.1071814688282076,2.810431200472497,-0.2863871266317717,-1.3316955354889481,-0.49611683831110354,1.0603766097623537
-0.2551621827853332,-0.496855818716549,0.5204510415619973,-0.8097757501983528,-0.5828581297627976,0.8681692149244361,0.5421235758853472
1.367420674543293,0.9276641397566407,-1.2509761750775523,1.8254943427862045,0.33325714408266377,-0.5977784594063235,0.5107674796126646
-1.5097516968166622,0.8517182366307298,0.7189389817326142,-1.7443006087569053,-0.9759899828350174,0.4458808100651864,0.7213669130884444
-0.8749570330818455,1.0787354712864736,-0.05411741270420737,1.3533938752687407,-0.5946004513926026,-0.03772210247570476,0.6712788536047397
1.8596157041893797,-0.16766750022230179,0.13470967169441622,1.018230202725551,-0.21981277538285415,-1.1484915341268793,0.6490281305650535
1.044719374575026,1.1996911132525705,1.4697248484727745,0.004633677255584393,-0.43457164909189105,-0.42484568420148017,0.41980236002909377
-0.005553494985610053,0.7505542887059091,-1.644750729658156,1.3163251640674871,1.483007823330358,0.7204150212592425,-0.3823138896195731
-1.1850153556748968,0.026684838956975362,-0.9514306228910429,-0.03959340887808775,-1.1309079058171572,0.02229498698756419,0.9606295754355496
-0.9941434806757549,-0.4240049596588647,-0.9082121442677042,0.9823740872986904,1.206962703491782,-1.2491123651682636,-1.2503946143574742
-0.1135049164613168,-1.3323185737348178,-1.0312437491288722,-0.42278668760750254,-1.13265428103063,0.7432087590242332,0.47019077198713377
1.24426648057779,-0.12517241018386616,-0.04821659776038292,-0.2911408849875298,-0.015246553192903509,-0.13386498738804783,2.4319928712345176
1.3020287651382272,0.1191755467472512,0.030233047886531732,2.3003999592665387,-3.5609491297710054,-1.1704943479144385,0.35675664662553214
0.09808559679817815,1.0749869771247942,-0.40632708407593576,0.26040916067623454,-1.6554570852946704,-2.184106383349415,-0.1666022669272083
0.6485921143516483,-0.6210012445212129,1.7701469196216137,-0.3034447652025639,2.053832844140058,1.1332316312943085,0.13939109423156087
1.373405258367395,-0.17631539185392245,-1.8389272625671937,3.5384047869821464,-1.3675525898393988,-0.5763376060595599,-0.3383527951183262
1.228559370145298,0.3146006978080649,-1.9143436575616228,1.8703719923895858,0.04904736403659908,-0.4330536530598739,2.1395688980657153
-0.3839622637989258,-0.11507897284591158,-1.4256298262454987,-0.6733667262496768,0.04173312902384169,-0.8684435578218076,-1.3123290604579672
-0.8309983381602011,-1.3160577874871067,-0.10082058525389428,-1.3930436931177121,0.12317084539884446,-0.7850298938780658,1.1589179680525323
-0.8978876018250935,-0.34450220930581954,0.7442704419652961,-0.48767577582825516,0.19203813655320148,0.047930075456068026,0.6528323138239107
-0.2656446569041089,0.1000601002955463,-0.3456453250234047,1.9516998909375,-0.15321722371270424,1.0863576864617195,0.6331239109007801
-0.1515798049365391,0.5695000872567129,0.4231693880006016,-0.07321756830091115,-0.0662983875436787,-1.3129788808999845,-0.0029656052078021818
0.3161850900927081,2.558217807753824,-0.6057021041328197,-0.8908693932202555,1.4962264768524884,0.32090300972423486,-0.9305343305557329
0.033030816733690474,-1.4822492046165536,-1.9377078605875766,1.5034651043760179,0.6806388491962166,1.9581285708549883,-0.23047313504886305
-0.3442733564541852,-1.0392848416305953,0.5502797900173776,1.0503107543609136,-1.0548188698884688,0.3209352856858835,1.4502390753514425
0.1679721543200624,-0.4515499161393222,-1.5042895971645613,-0.715074739972888,1.265020983401978,-0.13209579569427735,0.5943500972017394
-0.6721788817321538,1.27414414571619,-0.08799152663423625,0.5266762432603218,0.15711793189019574,0.030332565008089372,0.6334575600600405
0.07876878430313504,-0.22671596623493814,0.3185143507002035,2.369560411981196,-1.3023373531999105,0.3930851615419291,-0.5355143873499563
-0.06195041521414726,0.20399989618649886,0.09933067148985883,-0.9332614893861655,-1.309990282612166,-0.8396666815093092,0.15718280021126724
2.095548760357847,-0.06708577212222622,-0.1634607666679492,0.6684516473240985,-0.526737969474485,-0.7643738773127279,-0.4127333227297595
-0.08738863501141791,1.3610990130480185,0.579368704333668,-0.37974224525981504,-0.18447763477158924,0.6484358335372811,1.4704174952722646
-0.23990577234902338,1.0408115180508626,-1.231074865396053,1.5227375836553527,1.6982481064142838,0.5153972168243504,-0.7115590818612127
2.115287280175561,-0.48144206603153344,-0.3221565381491351,0.09672212765022038,1.1988384357371655,-0.8952905425158599,1.8452265146432305
0.9240334644360723,-0.6856732350150038,0.3315263780529471,-0.5396988526960305,1.033124852106315,0.5782325022345939,-1.107832242507055
1.78323912296036,-0.7931385678207986,-0.5698720608981898,-1.4489186315868299,-0.6968247458466903,1.702862742794746,0.5206882707960949
-0.10415544548734723,0.21444682872848408,-0.9540871251901868,-0.8443132035454186,-0.7348143356970653,-0.6764109593004342,-0.1380659120846782
-1.5493818698355364,-1.0383992837918319,1.1978024159513436,-2.138453043631307,-0.14007876817884166,0.5083103654760748,2.3550772179996833
1.8950777580035805,0.8772062835892833,1.154732346256795,1.8982810586165395,-0.44292529496996746,0.7881311279496799,-1.601050206525537
-0.2562031190662802,-0.20951922380003407,0.785510343377343,0.3532410481348693,-0.9545533587789414,0.6218244567217841,0.18088020343937933
0.583164595304563,0.8775698129773015,1.5276047682117915,-0.8499832810653665,0.5134913122811527,-0.263245644044669,0.5507145190711326
1.4783298146704493,-0.5261036158237381,0.31228398730534823,-1.6318771388399218,0.6105070665253615,2.3814533629094656,0.7682082125256309
-0.35321150972696425,0.7472102565562575,0.32612443146211517,0.9573123984360846,0.5762763201567879,3.1824317126672033,-0.22714015944872146
0.3321930971394588,1.5496416910401352,0.5805393508147454,0.43033380679742717,0.544932908980851,-1.5963605751318757,-0.2992694382869045
0.26887095882095713,-0.4237712486680433,-0.6066446077514873,-0.9560167443806737,-0.025629093833891507,-0.45812606574979087,1.406624388276333
0.019273544592911408,-0.1407456599907869,-0.6124913443163411,-1.7155707491651044,0.5650663187843954,-0.31017580057013633,-1.937160818204688
0.9742025107075645,1.09344940281474,-0.1554438598763355,-0.20418206546808776,1.8462463636960518,0.8652844262688422,0.3934093189416194
-0.5137572606502279,2.0302202829125937,0.25654721969905075,0.22692178324672274,0.32740686605038405,1.2638910550111027,0.6255559238773815
-1.9404632845803724,-0.4450220828566214,-2.5018513443752872,0.2974771933977628,-0.39614915873815937,-0.6939007269259917,0.43647165848699077
-1.4214982824042601,-2.348599812722903,1.5363226233194476,0.08017417818176872,-2.1911737805781777,-1.9733275977162674,-0.9658878849239292
2.2726503689092343,-0.04149494957693242,0.2303739370254193,0.08319420322444679,-0.17272920130514804,1.5831047801281102,-0.7244534479120412
-1.4099443119659405,-0.23786348477095037,0.28176116881790686,-0.8637397039436631,0.32451018660684167,0.20850693932443234,-1.1818998116445087
-0.11472458989391487,-1.7465191357319625,-0.424737544216187,-0.19303178580344826,0.23864440065585202,-0.7918910544087469,-0.16278018761254096
-2.4629169392671653,-0.6028257593117962,0.5145355011388267,1.721977083179364,0.7381068640452922,0.1277267017954082,0.15271081376134588
-0.4982572465452487,0.989214683376439,1.4328531902072819,0.034541520605682365,2.566453261871989,0.3665728124079948,0.3772325339287002
0.7925569694969703,-0.6330149131075652,1.6212575529866111,-1.271276940114346,0.6335400229140028,1.7538367177203822,-0.11728954777029676
0.5585486699432791,0.3540055549811278,1.2697748798244193,1.477995382619645,-0.2777087033426956,-0.29068378364590164,0.8093575238554325
-1.5885512288712347,-0.15328555455302095,-0.7377723771077777,0.7433788226169821,0.001605432820753318,-1.3948397128123713,0.06191743595924418
1.7901668937493982,-0.3791044882119287,1.442833182726545,0.05174989270361988,-0.2181486466306703,0.04405523039792769,0.45822791857237294
-1.1899211802543015,-0.88659142753555,-0.12179269785332643,-1.391698529840753,0.34604364154095973,-0.27261941653608124,0.06582515368007323
0.0009372323640275418,-0.06976873851619296,0.0652735188768392,-0.09854105486359624,0.2567380741904686,-0.09584345777866231,0.15508041048225885
0.310535383153907,2.0467752939026247,-0.8781314688126525,0.5455653939383318,-1.7816520361055852,-0.009054214479067657,-0.2525653163511955
-0.769131261370796,-0.44602140440137034,-0.8417925523344806,-0.6427535288294284,-1.2057065523794843,0.18006767639292562,-1.977444883310856
-0.688722152304785,0.17101723263591814,-0.07202299083922452,1.3933381791853305,-1.8052400716636356,0.3981230478080343,-0.41246828428207677
1.6100825078232848,-0.8469338461830465,-1.0556670706511315,0.969446557126936,-2.628118201998771,-0.3195529257443534,-1.596399706948397
1.4379529511019107,-0.9786319849018319,0.2371161336746956,0.010864170418264534,-0.5950140766284703,-0.4911009325745925,2.227530897828976
-0.3082344972336393,-0.6012460718198829,-1.9307518971953597,-0.1542154282278612,-0.008926134944036615,-1.1897309536801952,-0.2776921109806148
-0.03611690264307176,-0.5488168865271397,0.6423651699111397,0.4098865285921316,-1.3992371320303196,1.1609538822409955,-0.9162803828670466
0.7956647805054542,1.4510658279835584,-0.396673410838072,0.5785871686147537,1.6444473052596271,-0.27162344610028305,0.3205839855068486
0.10512753534214221,0.5889664071953306,-0.950587794904539,0.0862010709030784,-1.569633746883553,-1.077226887038018,-0.11565915704040697
-1.3265968518458249,-0.19634161432002034,0.30322145897876673,0.2503920820779931,0.33108119335797326,-0.6777370972954537,-0.4822081107498155
-0.9493967524799953,0.49242667009806096,0.25682205527261504,0.030506217411354883,1.1094721202454003,-1.0695545153159107,0.4186171403909558
-0.7743151914680457,-0.22318271234141815,-0.21943523128895262,0.7519106960812645,0.13730991677055074,0.28414327759604363,0.38006608857899954
1.0360916305074128,0.07971137225644438,1.1092614129279552,-0.6723104973700019,-0.46389548612517434,-0.003651750590651208,-1.2526817430152182
-0.5656448283058431,-0.6593456533842565,1.02442155819705,-1.0717175898809874,0.16761357940756522,-0.16245330325159757,-1.584772642447938
-0.32918816272145646,0.7100965736180964,-1.4647977478517447,0.1776221575964577,0.9183573226563162,2.4928823517013416,0.9298669263325536
1.3024765318450973,0.9392970684799341,-0.537695184220477,0.12629966600391343,0.053437098026838374,0.9998711020934458,0.438334005536463
-0.5780715084724773,-0.8056262955443905,0.18492662012883704,0.4422467314410834,0.4089306379195111,-1.3391371361882238,-0.9885897872509698
-0.7203081457502425,0.3388423085249381,-1.0752079739744622,0.4952758632037779,0.8981439265367579,1.2507070289261355,-0.9884747782154536
-1.168048967751199,0.9161657816940284,0.22354053443311356,-0.6624252072203303,-0.809166273404035,-1.2398516941356172,1.1761833303443692
1.7318276176286909,-0.9180976983202639,0.8331401111181151,-1.249312121460588,-1.069223251483758,-0.46177155732446873,1.121342600585488
0.14327724272083228,2.458197885737429,0.7583290379133172,-1.6330702159867017,0.48007100424129795,1.0150798810686819,1.0850385952083401
1.4816891528021727,0.6239501241328497,-1.454773124508783,-0.3808209987500212,-2.416554137317481,0.10404110444934472,-0.5166833505070246
0.17098652254961993,0.3195802401468524,0.21885868871360642,-0.5023636832303697,1.3680539889631014,-0.8570589670840402,-0.8175815382012297
-1.3151662397736301,0.8636286956446214,-0.5897547886717205,0.10954587735523777,-0.7012864061725063,-0.957330530505916,1.2227143847531226
-0.1951379882506857,0.6645195952705996,-0.708034949385372,0.40943677150652347,0.34463409210729623,0.3000367795130815,0.29552264192867955
-0.32496744136647826,1.155285237998586,-0.5649926139502408,-0.0805525429307176,0.22615607583206926,-1.139514720648017,-1.1126104620828767
-0.19558330030027232,1.2452033290291826,2.3911221961299574,0.40326001339437256,-1.559521326916953,-0.7455295902634954,0.7904251922074788
-1.0786381544418349,-0.778074652794586,-2.1476131003985035,-0.3595574982294587,2.4700035939845306,-0.0008938167889723145,-1.0028365975499083
-0.5388720194168239,1.0556863558200296,1.2324989300781597,0.2738667554180512,0.5272436253215884,-0.78065930501981,-0.9039531436752744
1.1793021579429466,0.694401392937469,1.4320375605584388,0.08378136910996352,-1.2510385903468988,0.6902862802842842,0.8093228629841944
-0.33239929145758745,-0.4166869673837044,2.3545021497478267,-0.5070480220240658,-1.3131152057323732,0.516808396657405,0.08165163499016027
0.4359043447120251,-0.02843974943367528,-1.4768711535995542,0.8790844785564791,0.6956715515225677,-0.41285776748239345,0.10719043669128014
0.2771697202323341,0.13847855112216836,-0.17343349538418876,-0.4189423098095779,0.0229374213480425,0.3367139650862117,-0.4191195347208379
-1.2149431664325003,-0.8957017762149967,-1.1451084944055994,-0.9715464801033693,-1.090867685889739,2.0560236109894956,1.6302471569840415
0.5417188003316011,-1.8418927760995394,-0.5501301890674302,-0.35564495075927777,0.03289722847146011,-0.6558085647820563,-1.4179072237479526
-1.274048507867526,-0.11153891002682476,-0.04436704331279307,0.2625356579707528,-0.9509852776108761,1.310758615802458,-0.5670196156414888
-0.5829091192832662,-2.0473660522610433,0.09587727920406632,-1.9398762618981844,0.8339299090398854,0.44178384727820125,-1.8708018976081324
0.20668185666769473,-0.08278882881937208,-0.4346256970100804,-1.867186349840308,0.9015943933925115,-0.9557170808821746,0.6816590497573457
-0.22103332802510717,-0.7033775994804279,-0.5934789414448035,-0.6608153849001445,1.4411040589182067,0.4767658115911839,-0.04486274864832182
1.736163942232698,-0.7127554082720593,0.8289980342882234,0.5877450528410981,-0.6620447019828833,-0.9579473755083027,0.136466836546955
-0.967187195052957,-0.5444679917938008,0.18252873301753111,-0.2317805169347717,0.5439022314572287,-0.03410089063896933,-1.2885856268326505
-1.024279433478739,-0.9801118531076262,-0.4023104587135945,0.032849476395371065,0.0862044567900283,-0.43516365117913697,0.7569912499026626
0.8212258563507112,0.13153529696624072,-1.4592678529030838,-0.2455093582413972,-0.23814908561786063,0.7418897297172684,-0.3069097467993612
1.8897678624675902,0.3482813212221813,0.25449931276418714,-0.6115283222764268,-0.7950916785433167,0.24993996822398143,0.14843016341029508
0.49435717328223366,0.2751451192061156,0.199169949057039,1.870141405668873,0.9412322566357462,0.18346304181812365,-0.36613619410439224
1.4246754245998852,-0.3387196887826378,-1.1898377110503306,-0.6424559156542403,-0.06446389670260397,1.363922121038818,-0.7727489856611188
-0.7121214306999246,0.3924480462171493,1.4232084386167874,2.7365792095130494,0.7087394236400442,-0.49913006552592637,1.0853181248829216
0.035092954699625964,0.25972460727021257,0.8185508850174255,1.6625236530212701,0.6266817311713279,-0.6784409272293146,-0.6301595833502794
0.2015293633891325,-0.2066947004071777,1.3404694513806519,0.13089309500737,-0.09937165925526403,-0.8586064665116381,1.33191923867664
0.38953133878136503,0.32823276834389653,-0.2757745548223974,0.5091325969845717,-0.6865986894355399,0.8096225582867376,-0.18910402416692837
0.6971560895572926,1.782919679076011,1.8065581450397086,0.7067219758044689,-0.6903370081061966,1.3476565138277734,-1.1808032917432334
0.7151973962306284,-0.4755196580290858,-1.4853787156341287,-0.7815106928919336,0.07355910906049554,-0.681911965558631,-1.6686418010829593
-1.6851157266323806,1.1492094573565832,-1.30826626606825,0.5902852443791743,0.9309294951069407,-0.6307153559243014,1.4185035694238246
-2.1526709869158895,0.5270973516400672,1.2214763523299692,0.7541520754736635,0.3152797854701888,1.0250340748223596,-0.8170809792701792
0.2916674835645415,0.9416507813618087,0.05416541058241125,-0.08415257397498367,1.1265403728639931,1.0464188515176147,-0.6697518355092575
-1.9452993853350882,1.6078983246181517,-0.4705869399867067,0.43937092262755334,0.23583288957605633,-0.04922315652155975,0.5377355473218303
0.5310839567532984,-0.5889528362709282,0.3171143995945192,-0.5223004859202666,-1.0381417228854455,0.8885737165344668,1.5531739019128412
-1.43511838008288,0.7988807363809434,-0.43159772816482894,0.628361555799691,1.6815999311828222,-0.16709274391869963,1.7273152937507437
0.1089027356396411,2.8466600309385144,1.7333409928767032,1.7819889891246403,-0.7332314431901719,-1.1603823497644463,-0.33123287791151146
-0.6208545599481703,-0.8311197502082445,0.7514522733741783,1.3138144378933514,-1.3956174835666313,0.4840045119130472,-0.6432632820224781
-0.6759815149882457,-1.0873332756235932,0.2069026187463216,1.460870131236241,1.441631020685385,1.5772258172544107,0.14683658254292054
1.8183456727605003,-0.968124762766482,-0.11345456578730356,-0.4047561653835608,0.9321784135362186,2.3854471206597494,-0.7389854243392663
-0.7498717612644911,1.7643769744400006,-0.822219460777277,-0.24426149933958827,-1.005952897133548,-1.1806485412127723,-0.2542342835081902
1.3428454939850003,0.815423589486768,1.6325138869298303,0.6451975006930613,-1.3526289512761474,0.6712743139087762,0.21993464222232856
0.795111433339193,-0.017067945440610938,0.41271492643787544,2.1648907218227507,-0.7573652009030347,0.1217059749714325,1.9200372218317812
0.2239468883717714,1.50027288240977,0.17257007128925034,0.642381298618196,-0.20961414484268065,-0.390650135049778,-0.6862967364755352
-0.6046769072360163,-0.20558830442724366,0.10093274440801081,-0.9043051217296411,-0.2102820566045166,-0.8387647875894002,-1.0722360699701354
-0.8616463311651578,-0.1108261894725375,0.4382912213122038,-0.01344069127498981,-0.3923327275633805,0.6990077491098128,-1.222082030124598
-1.1087819480240688,1.3980009031148417,0.08411290806264031,0.347570034482927,-0.45425299225508253,-1.2255702940753077,1.4105662869241655
1.1597295382659443,-0.21398430651293865,-0.5032410692247156,0.8015581762810454,-1.7649415359877603,0.7433414545591116,-0.238378428282867
-0.7322172326081412,0.5984678903474298,-1.4691901794867817,-1.0905983496487746,0.5240119801615871,1.1778242364011084,-0.9010733999613549
-0.9864941107853615,0.331402982317468,0.02902925879947011,0.8930045103658896,1.24436048776573,-2.2029224988303087,0.08617923289042274
-1.5377730858976495,0.5001094491634583,-1.8835840715932144,1.8183073141580426,-0.13647724493749633,-0.17161110476719688,-2.034704406760054
1.5735602907720374,-0.6002374584574524,-0.1959856206172217,-1.5064169853969465,0.3018220824284942,-0.8581418373600866,0.9691761424126459
0.15880917323025065,1.3353119000536273,0.13535782079639114,-0.34912688131061703,0.8932328294144743,-1.7236640770390124,1.397007636325026
0.8814360503696864,0.39521216750984683,-0.5788126875499398,-0.8074177129540374,1.0199772952928878,-0.8920164746140461,1.272480173738754
-0.059049562783127944,-0.02967462615986737,-0.05202160247839206,1.6787959849520615,-0.04582367967686235,0.7645085123140805,1.2018861767214069
1.5862791433838779,-0.35185222170443986,-0.02233583010029005,0.4255867774726129,0.7314921310532643,-0.6519821444964466,0.17931607451735135
-0.5343895651520731,1.3966103735196858,-0.48723674652321425,1.081118814045015,-0.6269318255952284,0.7670198164660683,-0.5903871392717028
0.30673964001766796,-0.36485363438306523,0.05934520844608871,-0.43400052511810994,0.8080604515657056,1.4466408568356839,-2.112511552844947
1.779894968002331,0.9189323472776533,-0.5536671614882304,-0.7977924583721345,-0.4362277648765394,2.5173332512859177,-0.22430390089127578
2.040680333422624,0.1545361181504605,0.521520317624467,-0.5127367445965009,-0.4921679615405338,-0.4783431479640138,0.41023176278126183
1.4444123386685208,-0.7101865860193401,0.40362426428797593,0.19234889730492782,-1.953689628257254,0.6022074948216503,-2.519879841299363
1.5067809546369457,2.1584946800189826,-0.7165615222966127,-1.4019180215140494,-1.2912048002567327,-0.6818679439275835,0.7669742214265172
0.6120059147172724,-0.3836792665904574,-1.1586483504309357,0.5952178470283148,0.2805095083488526,-0.9512922676472105,0.030301466836785865
-0.6305035763644401,-1.1187539277590515,-1.4500036269162822,0.09765795522083255,-0.4763723275770747,0.7952964342868505,-0.4207545779773422
-1.8951890368900015,-1.1261514118826896,-0.4378936330744238,0.24168391642115614,0.23126465873792146,0.7734885547867903,-0.8194256858565189
0.3508780867453816,0.6800701789294423,-0.48105311593573075,-0.03952115478403349,-0.5747378889921019,0.6288553766174884,0.12482063340977355
-0.8173460535817326,0.5403764725637654,1.0012116358316179,1.265217837016775,0.240723476736614,0.24010295506097695,-1.5856115817673253
-0.8789801174916647,-2.2051245067379215,-0.7700471445748835,0.4253564216296232,-0.011788741672075477,-1.2402120846404734,0.06883180816283087
0.5018982504417656,-0.7519627855699641,-0.8836307509918729,-0.6633507751981579,-1.3066369578518369,0.0892909508775664,-0.2811362260859933
-1.4884639653213374,1.0801545220491993,-1.1979850244348147,0.6609123791797659,0.9845953373371266,-0.12395935971875119,-0.9204300418144828
1.3443514880434682,0.418721166099298,-0.9862013590726542,0.8019116152797083,0.8840437442599803,-0.2775906233256641,2.32176086609643
-2.839519655867088,0.15519853698272762,1.2268467411337767,1.5492458069140986,0.09865721472222178,-0.8028073386723332,-0.8601584052701344
1.4677569595132582,0.7789874956927019,-0.41724534043509465,0.5126313909803611,0.47474344570685045,2.0231634693505383,0.5693506647555161
-1.624942943146872,-0.006694841247998258,1.0189143009223798,-0.329347296789991,-0.24254377623717474,-1.6961689685652077,-0.692326425824867
-0.0037945578115434306,-0.32504898529932075,-1.2981313551335165,-2.2760606874194913,0.66930224781256,-0.31326604712600875,-0.4425521462788128
-1.5650205543514921,-0.8563225972686844,-0.9915795069321635,0.5008323559557237,-1.1830149773217724,0.9010213820156681,1.338197987352215
-2.1190861749500356,-0.1707318298405212,-0.9888865150900765,-1.3980332570958056,-0.7080635080452343,2.4795336952127536,-0.7752245619689586
-1.0509192398506562,0.9296785753602381,-0.978460334667233,-0.3502220128765173,-1.3620303867961703,1.0227342339779382,-0.7270674408452498
0.1976765611933529,-1.8573471490037734,-0.9010577978951735,-0.33245003728148453,1.0763564849658727,0.9732342836731239,-1.5500138632910263
0.24752948775862146,-1.7786073588512537,-1.2700062396313219,-1.1453304840227432,0.3372017027532025,0.022997443699273565,-0.34049964865273014
-1.0009526009694114,0.9039940031317234,1.9429673255334479,0.1718876816174393,-0.4793142443260176,-1.8421857685979908,-0.8020420420965412
-0.31613345669645354,0.22086244540076203,0.3816120499263279,0.2685917273581342,0.5728530628083315,0.3996976072730638,-0.18838216404479022
-0.7984377791791858,-0.779403626466113,-0.2720269866570389,0.9173759261358826,-0.3444854263974349,0.7541500135606494,1.2643049908850623
-1.6796824684771823,0.27492819286842024,1.0153392370399361,-1.8712773157970835,1.3980237394497286,-0.06280855690980844,-0.3899791194618561
-2.9954653222471066,1.4139506138661753,-0.7028097914161047,0.15904679359811238,-0.9401233032765359,0.4958849496738435,-0.06496249838698444
-0.018207393385202827,0.14400851471156495,-1.0357183480570322,0.013555052873181466,0.9142635241248676,-1.3360439789904377,-1.131590058545678
-0.019119942646443865,0.9997314846322675,-0.29202069887622856,-1.3260370385213536,-1.1554675177323772,-0.4630030625554588,0.05494514032810962
-2.341091315064686,0.7562671451926799,-0.7178264690019485,0.5873637678467052,-0.32355583962832296,-0.19790096130339108,-0.9715747858059214
0.6895503232741044,-0.41133454713803785,1.4752286564062085,-0.45596514562313567,-1.8590446906704117,0.39707548151992206,-0.6785203525887488
-0.11105618466401024,0.9840479357336183,1.423230386853777,1.7048581520691268,0.7403902107597728,-0.21260595977732494,-0.4803382121807227
-0.4677588105242909,-0.4221395407148554,-1.4088689060696886,-0.13013994908166537,1.4707648066260643,-1.8576230142406052,-0.831561909215795
-1.154875480717805,-0.8298117217285135,-0.1587634479443887,1.1099345368015352,1.0399405120737912,0.9973432144210059,0.9019200214579137
0.3918488967890972,1.1829100892243753,-0.056228390836548875,1.191839064659138,0.11929699702099048,0.3873273001231097,-0.597214803736737
2.0418571268821846,0.5919368374218987,-1.185189927910758,-1.2219625249795294,-1.3217444342593674,0.7491006906908126,-0.6270684154417437
0.8243375116807209,-0.6992033073568719,-0.1512420295083711,-0.5055256562713044,-0.10926215913456394,-0.23682943693553718,1.3792223361700786
1.0305840342132333,-0.15514755742836872,-0.3619143112384586,1.277282497110231,-0.9310941566358907,0.800301505548533,-1.6568955344042393
1.5569426658811825,-0.47602913953478904,0.5928618465968639,1.4100355761563752,0.23944417873027926,0.9725808257033404,-0.9685146500182491
0.39287356462963985,-0.04835970272896068,1.525626959626236,0.949176333670364,-0.2387709068030561,0.9164415248071872,0.8587095338131642
0.04359084071023289,0.25506226538178495,-0.1271554279610992,-1.482100128482386,-0.043755454228689615,2.1630278830128686,-2.0690273043482725
1.2157347856612226,1.0842403514385148,-2.5594184726140523,-0.5735751672701178,-0.28566252608622805,0.2825978214840712,2.1064168303624964
0.18934132878504323,1.279511389257603,0.27961142235122116,-0.2450584484426062,-0.8049713645576343,0.2794285635355454,-0.17559871668137325
-0.8467684730436982,0.4309037659180552,-0.4930178577414925,0.2847497088212013,0.6653830055970319,0.0822643838059824,-0.8565798288327846
0.5377176553926512,-0.753698294870341,0.11295296143713447,-0.03454906064463194,0.30349626666077306,-0.575811530793772,-0.4107527412434469
-1.3280620564465748,-0.8186706650849923,-0.975092653737213,-0.41964450683787885,0.027987388744866847,0.9048704604872201,-0.5253712326522362
0.531960605832739,-1.8155386036213228,0.06562570089401369,-0.03287446625758375,1.6681105453231078,-1.0864371598023275,-0.6912168894179269
0.21324616593863135,-1.2573702994830813,0.8800619896176871,0.5797202248088891,-1.0815691053749228,-1.116419854249637,1.1451430148221449
0.9677227011745274,0.6177189493316076,2.330707637163715,0.9077858974382602,0.8915786596582403,0.761349528145747,0.8095364109694346
-0.4531659669513785,1.0537898968863568,0.14200893595498829,0.9020333200043453,0.2019797607677063,-1.8639212984643339,0.04373982846705855
0.5480004186102667,-0.1374232132412542,0.06945326243108847,0.5671099519623163,-0.8772004412106517,0.48187544726273795,0.9850900771941786
1.2258758364295608,-0.3864761780666903,-0.7950628825816675,-0.9541153940782986,-0.41172991167206413,-0.5572084787443663,0.34380853587075116
0.35201561530803904,-0.10032590006039907,0.46280235889682864,0.9086576984604139,0.23346842035294482,0.10699186451837774,-1.1092052300477504
-0.48227565100992065,1.021695367879781,0.20156787220756522,0.8787623704856686,-2.1110286393830546,-0.15430653608180905,-0.15192780550540586
0.004216393092559184,-1.0078459117679275,-0.48903271101434026,-0.5902621541067409,-2.3723617100103445,-0.4366436184513413,0.2916532937490236
1.057356282003982,0.5019251400612582,-1.286263226003342,-0.8898916463973096,-0.17878368835154304,0.008133940654800154,-2.0611721680193407
-0.052696121447395175,0.8448560165875402,2.4830535284965802,-2.3798163029287944,-0.4472144209899048,-0.7822763517811233,0.8428556877679046
-1.4895267708380457,-0.9039351038506653,1.0313168583324293,-1.4361985407000057,1.1217574094143263,-0.6200785514482783,-0.32836920341818715
-0.11471534145711747,0.16163821564048797,-0.9456746578157265,0.4924929506436509,-0.030803408068961553,-0.9986155348354201,-0.4196510198930823
0.19336264281977034,0.6746531178525471,1.8085834926160143,-0.46724400335192035,0.4235624802282217,-0.2722092657731093,1.0394239416572504
0.10709797086511368,0.11003916322918789,0.8181068701544072,-1.492362074463595,0.8575776473545845,-0.9398882938437355,0.46199429509761714
-0.7084548127330121,1.3541239724332803,-1.1575181213305694,0.3595630392524487,-1.1772277376717395,-0.6613586460360368,1.161712083515357
1.2777063902769934,-1.0767320565115959,1.7973557626379095,1.588315019820192,-0.9841254791998647,0.32077686279961465,-1.5151278608750447
-1.4635573973053746,1.8401208157444622,-0.5854172147456999,0.43064693380321983,-2.6944767019215456,-0.9884823705398055,0.9848948581194795
0.5951268306464383,-0.3395100444538728,0.9261415182589303,0.8506452552570043,0.8388889507911651,0.2528166765505146,0.25826170418352734
-0.33024516833755824,-0.43608927524838914,-1.6317369054307993,-0.25253787109860815,-0.6148946003151946,-1.2501516005512243,-0.7519786506043982
-1.5076794384256325,-0.48405628905268683,0.790135671099214,1.0755589866087152,-0.6462316358629797,-0.24730571336503232,-0.9294617699484657
0.8869640671416059,-0.5739489501629969,-1.1882918401365201,0.5501801562078967,1.2675062863030362,1.0688534186876484,0.11544459814729792
-0.7253222999698059,-0.35732425466334333,0.863710008341044,-0.32291326060578,-1.2746206312659134,0.8564457286565668,-0.14959498829395726
-0.2920167494895651,0.10897331227975476,-0.4196045153623639,0.5753544298694248,0.14456668276538523,0.6558430050942867,2.0966689868839303
-1.0876147323768206,1.217705976533605,0.698624078960485,-0.05939172599187242,0.05288261050775574,-2.5480739190895227,-0.2141230093426006
-1.061666268464559,1.4381835238785516,-0.038938274985380654,-0.704457160404471,0.3732801065597821,1.9006061665957132,0.2463618139473686
0.907566113889558,-0.10666674617140876,-0.010183823694027346,0.5026914092615156,0.01165784111272447,0.535869977864161,-0.39032627084835314
